full_name,file_path,category,line,anchor_count,anchors,anchor_low_1,anchor_low_2,anchor_low_3,anchor_low_4,anchor_low_5,anchor_low_6,anchor_low_7,anchor_low_8,anchor_low_9,anchor_low_10,anchor_low_11,anchor_low_12,anchor_low_13,anchor_low_14,anchor_low_15,anchor_low_16,anchor_low_17,anchor_low_18,anchor_low_19,anchor_low_20,anchor_low_21,anchor_low_22,anchor_low_23,anchor_low_24,anchor_low_25,anchor_low_26,anchor_low_27,anchor_low_28,anchor_low_29,anchor_low_30,anchor_low_31,anchor_low_32,anchor_high_1,anchor_high_2,anchor_high_3,anchor_high_4,anchor_high_5,anchor_high_6,anchor_high_7,anchor_high_8,anchor_high_9,anchor_high_10,anchor_high_11,anchor_high_12,anchor_high_13,anchor_high_14,anchor_high_15,anchor_high_16,anchor_high_17,anchor_high_18,anchor_high_19,anchor_high_20,anchor_high_21,anchor_high_22,anchor_high_23,anchor_high_24,anchor_high_25,anchor_high_26,anchor_high_27,anchor_high_28,anchor_high_29,anchor_high_30,anchor_high_31,anchor_high_32
hasFDerivAt_iff_isLittleOTVS,Mathlib/Analysis/Calculus/FDeriv/Defs.lean,Analysis,178,1,HasFDerivAt,-4.853082646150142e-05,-8.035837527131662e-05,0.0003848396590910852,-9.372285421704873e-05,-6.0663020121864974e-05,-0.0003530635149218142,-0.00010644949361449108,9.587865497451276e-05,0.0005040292162448168,8.854663610691205e-05,7.90870763012208e-05,0.0002516882086638361,-1.0694461707316805e-05,0.00028813627432100475,-2.7889469492947683e-05,-0.00029497724608518183,0.00019971390429418534,6.142157508293167e-05,0.00024358260270673782,-0.00014588568592444062,-7.321377051994205e-05,5.812842209707014e-05,-0.0001395718427374959,-8.995766984298825e-05,-4.141337558394298e-05,-3.29077520291321e-05,8.536199311492965e-05,0.00013349165965337306,0.0002576620317995548,-5.0581395043991506e-05,-3.588998151826672e-05,-4.9029799811251e-06,3.256676427554339e-05,-0.00013508742267731577,-0.00023569587210658938,0.00011295393778709695,0.0005201274761930108,-0.0001175554862129502,-6.92848043399863e-05,0.0002543945738580078,0.00027942092856392264,5.659225644194521e-05,0.00011193502723472193,-3.1986928661353886e-05,0.0001459738559788093,-0.00011101931158918887,-0.00011708258534781635,1.075216550816549e-05,-0.00011587594781303778,6.71812886139378e-05,0.00011787220137193799,-5.267798769637011e-05,6.62282036500983e-05,0.00017231401579920202,-0.00025327643379569054,-0.00017087753803934902,-6.1615755839739e-05,0.0003849596541840583,-0.0002397334756096825,7.981211092555895e-05,0.00011577067198231816,0.00011990269558737054,0.00018202484352514148,0.0003513474657665938
Multiset.disjoint_finsetSum_left,Mathlib/Algebra/BigOperators/Group/Finset/Defs.lean,Algebra,783,3,Finset;Multiset;Disjoint,-0.00010188547397168198,-0.00013282349391374737,0.0006592438245813051,-0.00015274468266094723,-0.0001539278140019936,-0.0006168782808041821,-0.00027356576174497604,0.00019823927747590156,0.0009152249064451704,0.0001492099981987849,0.00017645446496317163,0.0004131357272854075,-4.038073166157119e-05,0.0005112872458994389,-7.891150623133096e-05,-0.0005068375709621856,0.00041485813562758267,0.0001091315243684221,0.0004438307466140638,-0.0003016157206729986,-0.00012384302681311965,3.2588605487641566e-05,-0.0002890898079688971,-3.05546648936191e-05,-4.536093911156058e-05,-7.530643172988978e-05,0.00013702519572689198,0.0001724111158788825,0.0004882371043398355,-6.824797977363535e-05,-8.22349344768251e-05,-2.2229171615132753e-05,0.00012950212476425804,-0.0002309543657853889,-0.0003756901132874191,0.0002234568576871728,0.0008890470392846813,-0.00019041104921294996,-0.00016098757866226757,0.00035892265441361815,0.00047652272041887045,0.00013228417446953245,0.00022804570471635088,-9.830335087220494e-05,0.00023140022676670924,-0.00016425963985966519,-0.00017569515815315148,9.298458204890872e-06,-0.0002483869611751288,4.9719556045602076e-05,0.0002518568847638865,-6.381767889251933e-05,0.00010816574043322665,0.0003331739571876824,-0.00045570943620987236,-0.00029530120809795335,-0.0001098526833326711,0.0006578509104050075,-0.0004619806083307291,0.0001239893535966985,0.00024084410445842272,0.00017288345710160988,0.00039903673556788516,0.0006650971675602099
ClosedSubmodule.mem_toSubmodule_iff,Mathlib/Topology/Algebra/Module/ClosedSubmodule.lean,Topology,79,0,,,,,,,,,,,,,,,,,,,,,,,,,,,,,,,,,,,,,,,,,,,,,,,,,,,,,,,,,,,,,,,,,
Measurable.nnreal_mk,Mathlib/MeasureTheory/Constructions/BorelSpace/Real.lean,MeasureTheory,198,1,Measurable,-8.38237683637999e-05,-0.000124061742099002,0.0006687716231681406,-0.0001450858690077439,-0.0001545349950902164,-0.0005611423985101283,-0.00026842200895771384,0.00018397867097519338,0.0009495895355939865,0.00013582376413978636,0.00017513998318463564,0.00040603033266961575,-1.6516911273356527e-05,0.00042274451698176563,-4.8932444769889116e-05,-0.0005671738181263208,0.0004003831709269434,0.0001257525000255555,0.000520101806614548,-0.00033450161572545767,-0.00015220654313452542,3.5252669476903975e-05,-0.00029044345137663186,-2.8043199563398957e-05,-6.27900953986682e-05,-4.308182906243019e-05,0.00014103307330515236,0.0002462768170516938,0.0005205023917369545,-4.106436244910583e-05,-7.441057823598385e-05,-1.0337033927498851e-05,0.00012321650865487754,-0.0002522632712498307,-0.0004078896308783442,0.0002471240295562893,0.0010199706302955747,-0.00019269570475444198,-0.00012737969518639147,0.00039398070657625794,0.0005212259129621089,0.00018034520326182246,0.0002855288330465555,-7.294608076335862e-05,0.00028988521080464125,-0.00017994640802498907,-0.00021667579130735248,2.593063072708901e-06,-0.000293349294224754,0.00014155128155834973,0.00022661050024908036,-9.959394810721278e-05,7.793015538481995e-05,0.00032839993946254253,-0.0004663296276703477,-0.0003584851510822773,-0.00010882418428082019,0.0006919518928043544,-0.0004791143292095512,0.00017297666636295617,0.00022570282453671098,0.0002923037682194263,0.00036307002301327884,0.000655106152407825
Equiv.Perm.mul_mem_alternatingGroup_of_isSwap,Mathlib/GroupTheory/SpecificGroups/Alternating.lean,GroupTheory,93,2,Equiv.Perm;Equiv.Perm.IsSwap,-4.149907999817515e-05,-4.583794725476764e-05,0.00019839505694108084,-4.450980577530572e-05,-3.713953719852725e-05,-0.00019629109738161787,-0.00010394613855169155,7.848377572372556e-05,0.00028141142684035003,4.319494291848969e-05,5.972592953185085e-05,0.00011481353794806637,-1.255959386980976e-05,0.0001659144509176258,-2.805592248478206e-05,-0.00013952036897535436,0.00014202457896317355,2.7184444206795888e-05,0.00012701586820185184,-8.56503738759784e-05,-3.8248963392106816e-05,-8.98146709005232e-07,-8.217299000534695e-05,-2.157306653316482e-05,-2.885804406105308e-05,-2.699991728150053e-05,5.3485827265831176e-05,4.9059352022595704e-05,0.000165007688337937,-4.293819642953167e-06,-1.724474304864998e-05,-2.3162811430665897e-05,2.4346797658836294e-05,-9.416007014806382e-05,-0.00010066973118227907,6.0986028984189034e-05,0.00027240280905971304,-4.697685290011577e-05,-7.368194928858429e-05,0.00011951437772950158,0.0001430454976798501,3.242395723646041e-05,7.757143794151489e-05,-4.6525845391443e-05,6.51542086416157e-05,-3.279647489762283e-05,-5.36373245267896e-05,-1.1889166671608109e-05,-6.871416553622112e-05,9.886466017405837e-06,8.207998871512245e-05,-1.2737062206724659e-05,3.547120559233008e-05,0.00010593269871606026,-0.00015602838539052755,-7.829942114767618e-05,-1.9316723410156555e-05,0.00019717065515578724,-0.00015136360161704943,5.3474124797503464e-05,7.58667811169289e-05,4.7160940994217526e-05,0.00013020522965234704,0.00020118922839174047
IsTranscendenceBasis.of_isAlgebraic_adjoin_insert_diff,Mathlib/RingTheory/AlgebraicIndependent/TranscendenceBasis.lean,RingTheory,559,2,IsAlgebraic;Algebra.adjoin,-5.5411905123037286e-05,-8.071460251812823e-05,0.00034859267179854214,-9.34988656808855e-05,-8.341658394783735e-05,-0.0003289386222604662,-0.0001152301520050969,0.00010030412704509217,0.00048678361054044217,7.288490087375976e-05,0.00010568752622930333,0.0002451356340316124,2.288817313456093e-08,0.00025056611775653437,-4.3120952796016354e-05,-0.00025604335678508505,0.00020420202054083347,5.572433474299032e-05,0.00019806597265414894,-0.00016540096839889884,-5.0028077566821594e-05,1.7964929156732978e-05,-0.00015016891484265216,-2.164192983400426e-05,-2.4008334548852872e-05,-5.013663940189872e-05,7.137626016628928e-05,0.00010906388706644066,0.0002603204775368795,-6.493258297268767e-05,-3.3915847780008335e-05,-2.1121319150552154e-05,6.08171858402784e-05,-0.0001011768417811254,-0.00017914697309606709,9.292114737036172e-05,0.00044301219895714894,-7.302214908122551e-05,-6.009803473716602e-05,0.00020062076146132313,0.00023123042774386704,8.191353117581457e-05,8.689278729434591e-05,-6.0466811191872694e-05,0.00011086635822721291,-5.8595372138370294e-05,-8.046613220358267e-05,7.271130186836672e-07,-0.00011098765571659897,3.371573802724015e-05,0.00013822871187585406,-3.357464674991206e-05,5.8054276451002806e-05,0.00018059842477669008,-0.00022772410738980398,-0.0001701024957583286,-4.825928044738248e-05,0.00034279224200872704,-0.00022771887597627938,6.64976323605515e-05,0.00014331894999486394,7.37261743779527e-05,0.0002072734605462756,0.00032550915057072416
mem_fintypeAffineCoords_iff_sum,Mathlib/LinearAlgebra/AffineSpace/Basis.lean,LinearAlgebra,62,1,Fintype,-0.00012855006207246333,-0.00012352237536106259,0.0005179092404432595,-8.220921154133976e-05,-0.0001577404618728906,-0.0004936476470902562,-0.00013752662925980985,0.0001681269786786288,0.0007117785280570388,0.00013996861525811255,0.00013084236707072705,0.000364612671546638,-3.4883203625213355e-05,0.0004670406342484057,-4.686853208113462e-05,-0.0003720439854077995,0.0003396752290427685,0.00013214493810664862,0.00033358996734023094,-0.0002709833497647196,-7.862545317038894e-05,-1.2776314228801766e-08,-0.00019765004981309175,2.798964487737976e-05,-4.293756137485616e-05,-2.2757671104045585e-05,0.00013967780978418887,0.00011219753650948405,0.0003825003805104643,-7.040242780931294e-05,-2.9851704312022775e-05,-1.057634290191345e-05,0.00010256753012072295,-0.00012229148705955595,-0.0002899463288486004,0.00015942536992952228,0.0006779347895644605,-0.00014811591245234013,-0.00011797060869866982,0.0002845994313247502,0.00034442124888300896,0.00010838142043212429,0.00014868758444208652,-0.00011081543925683945,0.00012138492456870154,-0.00010754986578831449,-7.019221084192395e-05,1.9177703507011756e-05,-0.0001799834572011605,5.017681542085484e-05,0.00017568946350365877,-8.194198017008603e-05,6.802758434787393e-05,0.00026700549642555416,-0.0003553394053597003,-0.00022654060740023851,-8.198386785807088e-05,0.0005713517894037068,-0.00038988562300801277,8.723229257157072e-05,0.0002766395336948335,0.00013787111674901098,0.0003471662348601967,0.000517695618327707
Int.shiftLeft_natCast_right,Mathlib/Data/Int/Bitwise.lean,Data,368,0,,,,,,,,,,,,,,,,,,,,,,,,,,,,,,,,,,,,,,,,,,,,,,,,,,,,,,,,,,,,,,,,,
DedekindCut.ext',Mathlib/Order/Completion.lean,Order,65,0,,,,,,,,,,,,,,,,,,,,,,,,,,,,,,,,,,,,,,,,,,,,,,,,,,,,,,,,,,,,,,,,,
differentiableOn_riemannZeta,Mathlib/NumberTheory/LSeries/RiemannZeta.lean,NumberTheory,140,1,DifferentiableOn,-1.5843668734305538e-05,-0.00017683622718323022,0.00034617356141097844,-0.00017062845290638506,7.594806811539456e-05,-0.00035326735815033317,-3.97594048990868e-05,-9.730262718221638e-06,0.00035967541043646634,0.00011919819371541962,0.00012514356058090925,0.00027223199140280485,-5.8424018789082766e-05,0.0003407624317333102,-7.114385516615584e-05,-0.00021188461687415838,0.00011537504178704694,1.65664514497621e-05,0.00017692377150524408,-0.00016730457718949765,-1.5880134014878422e-05,0.00010723395098466426,-7.304899918381125e-05,-3.9648159145144746e-05,-1.71539795701392e-05,5.119283378007822e-05,-0.00013402747572399676,-5.2106457587797195e-05,0.00023985560983419418,-7.968958925630432e-06,-7.693618681514636e-05,-8.359942512470298e-06,7.359034498222172e-05,-0.00010619559179758653,-0.0001476353354519233,0.00015035764954518527,0.0003487981157377362,-4.074544267496094e-05,5.285523911879864e-06,0.0003933986590709537,0.0004910813877359033,0.0001723415480228141,6.168543040985242e-05,-3.3679098123684525e-05,0.00019004382193088531,-7.955759792821482e-05,-0.00012926249473821372,0.00018860762065742165,-9.429176134290174e-05,9.44617495406419e-05,0.00011050546891056001,-9.170077646558639e-06,0.00016268136096186936,0.00029095137142576277,-0.0002635595155879855,-6.641123763984069e-05,1.569860069139395e-05,0.0002930639893747866,-0.00011937822273466736,9.478263382334262e-05,9.850055357674137e-05,0.00022119369532447308,0.0001952511811396107,0.00034129893174394965
Mathlib.Tactic.Group._zpow_trick,Mathlib/Tactic/Group.lean,Tactic,42,2,PSet.Type;Group,2.0677200154750608e-05,2.1653880139638204e-05,-4.8011945182224736e-05,-4.083492422068957e-05,-2.385474454058567e-05,-2.66196730080992e-05,-6.171883544681123e-05,-4.033885943499627e-06,0.00010591922364255879,4.139249813306378e-05,3.141564866382396e-05,0.00015738528600195423,-1.77716710823006e-05,2.729399420786649e-05,0.00010214630674454384,-3.0059699611229007e-05,5.6632228051967104e-05,-2.2832108470538515e-05,7.263955194503069e-05,-6.070775089028757e-05,-1.766477453202242e-06,-9.295433051192958e-05,5.385156208603803e-05,7.318172902159858e-05,-2.157068684027763e-05,-4.93419815938978e-05,-3.812215982179623e-05,1.0161071486436413e-05,1.5053042261570226e-05,2.2071096282161307e-05,4.483081283979118e-06,-4.234093921695603e-05,7.503143115172861e-05,-8.72039340720221e-05,-5.533658440981526e-05,-1.938391687872354e-05,4.007534630545706e-05,-3.953932798594906e-05,8.297374938592839e-05,3.541152091202093e-05,-2.935542397608515e-06,-6.867933643661672e-05,-7.21506812624284e-05,-2.1805863070767373e-06,2.7205227752347128e-05,-7.509987653975259e-06,1.1564523447304964e-05,2.5115949028986506e-05,-6.105140573708923e-05,0.00011176189582329243,0.00012370496369840112,4.323088933233521e-05,4.5115448301658034e-05,7.365802048298065e-06,-3.173207824147539e-05,-5.1650506520672934e-05,-0.00012248098937561736,4.671751571549976e-05,-0.00010710816786740907,-8.047874871408567e-06,5.054182111052796e-06,-3.5289712286612485e-05,0.00017098167882068083,4.6226734411902726e-05
MeasureTheory.integral_of_ae_eq_zero_or_one,Mathlib/Probability/Distributions/TwoValued.lean,Probability,29,1,AEMeasurable,-5.3502048103837296e-05,-8.598317072028294e-05,0.0003872804809361696,-8.418021752731875e-05,-0.00012245435209479183,-0.00032014455064199865,-0.00016707417671568692,0.00012384819274302572,0.0005793089512735605,9.417092951480299e-05,7.0820031396579e-05,0.00027818718808703125,-2.8082882636226714e-05,0.00027535780100151896,-3.212135561625473e-05,-0.00034941741614602506,0.00023047608556225896,8.389020513277501e-05,0.00027833119384013116,-0.00020543011487461627,-9.91921842796728e-05,-3.9853621274232864e-06,-0.00015533610712736845,-2.443721859890502e-05,-1.5469066056539305e-05,-3.2848289265530184e-05,6.309399759629741e-05,0.00014989881310611963,0.0003189302806276828,-1.8060287402477115e-05,-4.699626151705161e-05,-3.6933706724084914e-06,8.301559137180448e-05,-0.00014691136311739683,-0.0002508504258003086,0.0001432760909665376,0.0005909742903895676,-0.00012718443758785725,-4.7999612434068695e-05,0.0002676007279660553,0.0003259558870922774,0.00011227736104046926,0.0001710057258605957,-4.156705836066976e-05,0.0001812572154449299,-0.0001066859404090792,-0.00011594875832088292,-4.6774448492215015e-06,-0.00017832298181019723,9.366591257276013e-05,0.00014058567467145622,-4.372980765765533e-05,4.809881284018047e-05,0.00017465345445089042,-0.00030696779140271246,-0.00022299772535916418,-4.031372009194456e-05,0.0004056209872942418,-0.00027298100758343935,9.300953388446942e-05,0.00014873224426992238,0.0001980998058570549,0.00018791522597894073,0.0003879137511830777
SimpleGraph.exists_isMatching_of_forall_ncard_le,Mathlib/Combinatorics/SimpleGraph/Hall.lean,Combinatorics,60,0,,,,,,,,,,,,,,,,,,,,,,,,,,,,,,,,,,,,,,,,,,,,,,,,,,,,,,,,,,,,,,,,,
MeasureTheory.Measure.QuasiMeasurePreserving.birkhoffSum_ae_eq_of_ae_eq,Mathlib/Dynamics/BirkhoffSum/QuasiMeasurePreserving.lean,Dynamics,35,1,MeasureTheory.Measure.QuasiMeasurePreserving,5.856021289218916e-06,-1.844060534494929e-05,9.789894102141261e-05,4.786640147358412e-06,-1.7897735233418643e-05,-6.793045758968219e-05,-1.7418855350115336e-05,4.477796210267115e-06,0.0001705184404272586,2.6286916181561537e-05,2.7849089292431017e-06,2.9674076358787715e-05,-1.87203950190451e-05,4.8984682507580146e-05,-1.8891125364461914e-05,-0.00010147415741812438,4.463534787646495e-05,1.8741286112344824e-05,9.321061224909499e-05,-9.816833335207775e-05,-1.6819298252812587e-05,-1.6824980775709264e-05,-4.399242243380286e-05,2.0284274796722457e-05,-6.355687105497054e-07,8.410183909290936e-06,2.9143691790523008e-05,2.0973682694602758e-05,6.053835022612475e-05,-2.3641194275114685e-05,9.315284046351735e-07,2.7231482818024233e-05,1.3316701370058581e-05,-1.4985325833549723e-05,-6.00956154812593e-05,5.264909123070538e-05,0.00018254971655551344,-3.5262750316178426e-05,-3.419763015699573e-05,2.5614011974539608e-05,7.513783930335194e-05,7.1197155193658546e-06,2.3179974959930405e-05,8.54509744385723e-06,4.973609247826971e-05,-3.7059749047330115e-06,-1.5202574104478117e-05,-8.76307694852585e-06,-6.612098513869569e-05,4.6660286898259073e-05,3.880446820403449e-05,-4.650618211599067e-05,-5.982307811791543e-06,3.9182101318147033e-05,-9.838146070251241e-05,-7.998994260560721e-05,1.7991776985581964e-05,9.233363380189985e-05,-5.8598183386493474e-05,2.6270936359651387e-05,6.103669147705659e-05,3.946222204831429e-05,2.4369035600102507e-05,0.00010251632193103433
hasFDerivWithinAt_iff_isLittleOTVS,Mathlib/Analysis/Calculus/FDeriv/Defs.lean,Analysis,184,1,HasFDerivWithinAt,-4.328735303715803e-05,-7.469343108823523e-05,0.0003504453634377569,-7.099013600964099e-05,-7.408720557577908e-05,-0.0003064385673496872,-0.00010499155905563384,9.328175656264648e-05,0.0004895858000963926,6.949692033231258e-05,8.592825179221109e-05,0.0002428534353384748,-1.9546574549167417e-05,0.00026070355670526624,-9.439635505259503e-06,-0.000287791364826262,0.0001842288620537147,5.746267197537236e-05,0.0002361837396165356,-0.00014334074512589723,-6.891752127557993e-05,5.444049384095706e-05,-0.00016589007282163948,-4.811712642549537e-05,-2.7949081413680688e-05,-3.16425648634322e-05,3.44237414537929e-05,0.00015541510947514325,0.00025694043142721057,-4.8811485612532124e-05,-4.593882113113068e-05,-6.39422205495066e-06,6.349106843117625e-05,-0.00013637274969369173,-0.0002080262784147635,0.00010529180872254074,0.0004940736689604819,-0.00011488421296235174,-4.624541543307714e-05,0.00021006779570598155,0.0002711833221837878,8.45603717607446e-05,0.00013397766451817006,-9.475485057919286e-06,0.00015518210420850664,-0.00010955534526146948,-0.00010738028504420072,2.762335498118773e-05,-0.00016686675371602178,7.934551103971899e-05,0.0001245257444679737,-5.631634121527895e-05,7.304803148144856e-05,0.0001503086241427809,-0.0002706121013034135,-0.00017763310461305082,-6.0024936828995124e-05,0.0003519722376950085,-0.0002089704794343561,9.54681818257086e-05,0.0001161144464276731,0.00011484927381388843,0.00017626934277359396,0.00033661036286503077
alternatingGroup.isCyclic_of_card_le_three,Mathlib/GroupTheory/SpecificGroups/Alternating.lean,GroupTheory,147,1,Nat.card,-6.103892519604415e-05,-8.044498827075586e-05,0.00027124397456645966,-6.978684541536495e-05,-7.047039252938703e-05,-0.0003051950770895928,-5.988120392430574e-05,9.140749170910567e-05,0.00043631644803099334,6.660670624114573e-05,6.198092887643725e-05,0.0001953023747773841,-3.604652010835707e-05,0.00025268952595070004,-8.099521801341325e-05,-0.00022293908114079386,0.00017389997083228081,7.3870578489732e-05,0.00016075020539574325,-0.00013409544772002846,-2.43309677898651e-05,-5.222346430855396e-07,-0.0001290553918806836,-5.589296051766723e-06,-4.421465564519167e-05,-1.2005816074633913e-07,7.803111657267436e-05,6.449881038861349e-05,0.00026266404893249273,-5.3676176321459934e-05,5.470372343552299e-06,-3.7205863918643445e-05,7.01733588357456e-05,-8.598854037700221e-05,-0.00018173242278862745,0.00010766321793198586,0.00041568218148313463,-9.011201473185793e-05,-6.910061347298324e-05,0.00011758577602449805,0.00017075565119739622,2.074117037409451e-05,9.882799349725246e-05,-5.291366687742993e-05,8.371818694286048e-05,-8.447575237369165e-05,-3.757868762477301e-05,-2.566813418525271e-05,-0.0001092148304451257,4.526898555923253e-05,8.356548642041162e-05,-3.446073242230341e-05,6.343596760416403e-05,0.00012674582831095904,-0.00016489981499034911,-0.0001438442850485444,-6.336827937047929e-05,0.00029918397194705904,-0.00022917093883734196,4.094652467756532e-05,0.00017531671619508415,7.602755795232952e-05,0.00023070232418831438,0.0002875763748306781
IsTranscendenceBasis.of_isAlgebraic_adjoin_image_compl,Mathlib/RingTheory/AlgebraicIndependent/TranscendenceBasis.lean,RingTheory,594,2,IsAlgebraic;Algebra.adjoin,-5.5411905123037286e-05,-8.071460251812823e-05,0.00034859267179854214,-9.34988656808855e-05,-8.341658394783735e-05,-0.0003289386222604662,-0.0001152301520050969,0.00010030412704509217,0.00048678361054044217,7.288490087375976e-05,0.00010568752622930333,0.0002451356340316124,2.288817313456093e-08,0.00025056611775653437,-4.3120952796016354e-05,-0.00025604335678508505,0.00020420202054083347,5.572433474299032e-05,0.00019806597265414894,-0.00016540096839889884,-5.0028077566821594e-05,1.7964929156732978e-05,-0.00015016891484265216,-2.164192983400426e-05,-2.4008334548852872e-05,-5.013663940189872e-05,7.137626016628928e-05,0.00010906388706644066,0.0002603204775368795,-6.493258297268767e-05,-3.3915847780008335e-05,-2.1121319150552154e-05,6.08171858402784e-05,-0.0001011768417811254,-0.00017914697309606709,9.292114737036172e-05,0.00044301219895714894,-7.302214908122551e-05,-6.009803473716602e-05,0.00020062076146132313,0.00023123042774386704,8.191353117581457e-05,8.689278729434591e-05,-6.0466811191872694e-05,0.00011086635822721291,-5.8595372138370294e-05,-8.046613220358267e-05,7.271130186836672e-07,-0.00011098765571659897,3.371573802724015e-05,0.00013822871187585406,-3.357464674991206e-05,5.8054276451002806e-05,0.00018059842477669008,-0.00022772410738980398,-0.0001701024957583286,-4.825928044738248e-05,0.00034279224200872704,-0.00022771887597627938,6.64976323605515e-05,0.00014331894999486394,7.37261743779527e-05,0.0002072734605462756,0.00032550915057072416
Int.shiftRight_natCast_right,Mathlib/Data/Int/Bitwise.lean,Data,378,0,,,,,,,,,,,,,,,,,,,,,,,,,,,,,,,,,,,,,,,,,,,,,,,,,,,,,,,,,,,,,,,,,
DedekindCut.upperBounds_left,Mathlib/Order/Completion.lean,Order,68,0,,,,,,,,,,,,,,,,,,,,,,,,,,,,,,,,,,,,,,,,,,,,,,,,,,,,,,,,,,,,,,,,,
analyticOn_riemannZeta,Mathlib/NumberTheory/LSeries/RiemannZeta.lean,NumberTheory,144,0,,,,,,,,,,,,,,,,,,,,,,,,,,,,,,,,,,,,,,,,,,,,,,,,,,,,,,,,,,,,,,,,,
Mathlib.Tactic.Group._zpow_trick_one,Mathlib/Tactic/Group.lean,Tactic,46,2,PSet.Type;Group,2.0677200154750608e-05,2.1653880139638204e-05,-4.8011945182224736e-05,-4.083492422068957e-05,-2.385474454058567e-05,-2.66196730080992e-05,-6.171883544681123e-05,-4.033885943499627e-06,0.00010591922364255879,4.139249813306378e-05,3.141564866382396e-05,0.00015738528600195423,-1.77716710823006e-05,2.729399420786649e-05,0.00010214630674454384,-3.0059699611229007e-05,5.6632228051967104e-05,-2.2832108470538515e-05,7.263955194503069e-05,-6.070775089028757e-05,-1.766477453202242e-06,-9.295433051192958e-05,5.385156208603803e-05,7.318172902159858e-05,-2.157068684027763e-05,-4.93419815938978e-05,-3.812215982179623e-05,1.0161071486436413e-05,1.5053042261570226e-05,2.2071096282161307e-05,4.483081283979118e-06,-4.234093921695603e-05,7.503143115172861e-05,-8.72039340720221e-05,-5.533658440981526e-05,-1.938391687872354e-05,4.007534630545706e-05,-3.953932798594906e-05,8.297374938592839e-05,3.541152091202093e-05,-2.935542397608515e-06,-6.867933643661672e-05,-7.21506812624284e-05,-2.1805863070767373e-06,2.7205227752347128e-05,-7.509987653975259e-06,1.1564523447304964e-05,2.5115949028986506e-05,-6.105140573708923e-05,0.00011176189582329243,0.00012370496369840112,4.323088933233521e-05,4.5115448301658034e-05,7.365802048298065e-06,-3.173207824147539e-05,-5.1650506520672934e-05,-0.00012248098937561736,4.671751571549976e-05,-0.00010710816786740907,-8.047874871408567e-06,5.054182111052796e-06,-3.5289712286612485e-05,0.00017098167882068083,4.6226734411902726e-05
SimpleGraph.union_eq_univ_of_forall_ncard_le,Mathlib/Combinatorics/SimpleGraph/Hall.lean,Combinatorics,81,2,Set;Set.univ,-0.0002502591087250039,-0.0002900776526075788,0.0014496799558401108,-0.0003507685469230637,-0.00034971586137544364,-0.0013055321178399026,-0.0005444083217298612,0.00043955742148682475,0.002038324950262904,0.0003136592131340876,0.00034764205338433385,0.0009461361332796514,-7.207360249594785e-05,0.0010552120511420071,-0.0001363530318485573,-0.0011382781667634845,0.0008389308932237327,0.0002384926992817782,0.0009615027520339936,-0.0006723283440805972,-0.0002810034420690499,8.529568731319159e-05,-0.000619240221567452,-9.609760309103876e-05,-8.777265611570328e-05,-0.00015203348084469326,0.0002873244957299903,0.00047086547419894487,0.0010759186116047204,-0.000151766598719405,-0.00019471003906801343,-2.0689618395408615e-05,0.0003018324641743675,-0.0004925670364173129,-0.0008655607234686613,0.0004955194308422506,0.0020531874033622444,-0.0004080082435393706,-0.0002937382087111473,0.0008267142984550446,0.0010397649311926216,0.00031605741241946816,0.0005002094694646075,-0.0001690581048023887,0.0005333338340278715,-0.0004147411964368075,-0.0004145930288359523,5.1720149713219143e-05,-0.0006113573326729238,0.00020929821766912937,0.0005687525554094464,-0.0002106129250023514,0.0002079411715385504,0.0007129951845854521,-0.0010448902030475438,-0.0007092902960721403,-0.00022738909319741651,0.001483882311731577,-0.0010111347073689103,0.0002858753869077191,0.0005739983898820356,0.00046888049109838903,0.00085902024875395,0.0014452578034251928
MeasureTheory.Measure.QuasiMeasurePreserving.birkhoffAverage_ae_eq_of_ae_eq,Mathlib/Dynamics/BirkhoffSum/QuasiMeasurePreserving.lean,Dynamics,43,3,PSet.Type;Module;MeasureTheory.Measure.QuasiMeasurePreserving,8.566543783672387e-06,-6.022245846300696e-06,7.194084658597906e-05,-4.12216048365129e-05,-3.99165310227545e-05,-9.63038934666353e-05,-8.473190791846719e-05,2.756923913693754e-05,0.0002547205173565696,4.584266328796124e-05,5.6964257889073146e-05,0.0001593874767422676,-1.1975839394532764e-05,8.490551772410981e-05,3.756432609710222e-05,-0.00010667408863203794,0.0001152953518612776,9.93818381781845e-06,0.00012645609482812384,-0.00011679029072790097,-1.7064060557459015e-05,-6.331151507765753e-05,-1.8037279611841466e-05,4.5968264203111175e-05,-1.5864130299784545e-05,-4.658378535774924e-05,2.0226105940916266e-05,2.951182023025467e-05,8.805284899911688e-05,7.026537787169218e-07,1.1292573105947668e-05,-2.5537139966521256e-05,6.219703694417451e-05,-9.348215219991592e-05,-9.227375630871393e-05,2.4684496262731653e-05,0.0001897142436367479,-3.899836936701225e-05,2.202319471204343e-05,7.381379752284072e-05,0.00010253007712890394,-2.1210692769576173e-05,-1.2028573110001162e-05,-3.5132367581051462e-06,5.1219706468449054e-05,-2.1824763128582465e-05,-8.845522036911765e-06,8.900750193182224e-06,-0.0001015255135522845,8.330616644040371e-05,0.00011561160135897808,8.95025671828383e-06,5.1214672263692286e-05,6.048836742896432e-05,-0.00011010525789364085,-0.00010802239557961002,-7.959448582065913e-05,0.00013777899084743694,-0.00013149267518504834,1.6297969220128532e-05,3.383358610638728e-05,1.3519050601947432e-05,0.0001520540166287295,0.00014142134993259484
hasStrictFDerivAt_iff_isLittleOTVS,Mathlib/Analysis/Calculus/FDeriv/Defs.lean,Analysis,192,1,HasStrictFDerivAt,-3.511281465762295e-05,-8.489373431075364e-05,0.0001613097556401044,-8.512243948644027e-05,3.346693119965494e-05,-0.00017258164007216692,-1.9213752239011228e-05,4.112078022444621e-05,0.00018997483130078763,5.2674477046821266e-05,6.53129318379797e-05,0.00011130538041470572,-2.654239688126836e-05,0.0001684999151621014,5.1100114433211274e-06,-0.00011295656440779567,5.246531873126514e-05,-3.3492142392788082e-06,9.847318870015442e-05,-6.93012261763215e-05,2.5281586204073392e-05,3.463281973381527e-05,-3.472889511613175e-05,-5.08323973917868e-05,7.900346190581331e-07,4.954707947035786e-06,-3.394146915525198e-05,3.463325629127212e-05,0.00011675299174385145,-7.372698746621609e-06,1.706290277070366e-05,9.447632692172192e-06,-1.219231398863485e-05,-4.340120358392596e-05,-8.54068057378754e-05,6.0749571275664493e-05,0.00015745403652545065,-1.4195496078173164e-05,-4.2865335672104266e-06,0.0001556503411848098,0.00015867607726249844,1.5046476619318128e-05,8.085175068117678e-05,5.431254521681694e-06,0.00010397439473308623,-5.708038588636555e-05,-5.6392582337139174e-05,1.7428867067792453e-05,-3.9564485632581636e-05,4.879590051132254e-05,3.422363806748763e-05,-2.4587860025349073e-05,6.399564153980464e-05,8.844609692459926e-05,-0.00013230206968728453,-3.2449574064230546e-05,-3.388531331438571e-05,0.0001394160935888067,-5.696815424016677e-05,2.3965356376720592e-05,2.5218279915861785e-05,6.777975067961961e-05,6.615200982196257e-05,0.00016974491882137954
Submodule.closure_eq,Mathlib/Topology/Algebra/Module/ClosedSubmodule.lean,Topology,197,0,,,,,,,,,,,,,,,,,,,,,,,,,,,,,,,,,,,,,,,,,,,,,,,,,,,,,,,,,,,,,,,,,
